"model","MAE","RMSE","MAPE"
"Naive Lag-1",20370.869,24415.6189962944,31.0582972937761
"Regression with Lag Features",12714.9731600304,16028.6627550756,18.2447173611077
