"Region","total_revenue","avg_monthly_revenue","volatility","cv","decision","revenue_share_pct"
"West",710219.71,14796.2439583333,8099.09955042357,0.547375372643954,"Invest",31.4
"East",669518.77,13948.3077083333,10694.2356262593,0.766704882762955,"Maintain",29.6
"Central",492646.94,10263.4779166667,7095.13135857107,0.691298935524518,"Fix",21.78
"South",389151.42,8107.32125,6191.00659409692,0.76363158720236,"Fix",17.21
